stratum,metric,effect,n_units,n_clusters,estimate,ci_low,ci_high,p_exact_sign_flip
all,first_success,content,48,6,0.0,0.0,0.0,1.0
all,first_success,routing,48,6,0.0,0.0,0.0,1.0
all,first_success,interaction,48,6,0.0,0.0,0.0,1.0
all,final_success,content,48,6,0.0,0.0,0.0,1.0
all,final_success,routing,48,6,0.0,0.0,0.0,1.0
all,final_success,interaction,48,6,0.0,0.0,0.0,1.0
all,abstained,content,48,6,0.043750000000000004,-0.07291666666666666,0.14444444444444446,0.53125
all,abstained,routing,48,6,-0.04513888888888889,-0.1423611111111111,0.04513888888888889,0.5
all,abstained,interaction,48,6,0.10416666666666667,-0.027777777777777776,0.2222222222222222,0.3125
all,recurrence,content,48,6,-0.075,-0.19999999999999998,0.08333333333333333,0.625
all,recurrence,routing,48,6,0.03472222222222222,-0.04861111111111111,0.125,0.75
all,recurrence,interaction,48,6,-0.027777777777777776,-0.1111111111111111,0.05555555555555556,1.0
all,target_avoided_but_failed,content,48,6,0.075,-0.08333333333333333,0.19999999999999998,0.625
all,target_avoided_but_failed,routing,48,6,-0.03472222222222222,-0.125,0.04861111111111111,0.75
all,target_avoided_but_failed,interaction,48,6,0.027777777777777776,-0.05555555555555556,0.1111111111111111,1.0
all,any_new_error,content,48,6,-0.057638888888888885,-0.14444444444444446,0.05208333333333334,0.375
all,any_new_error,routing,48,6,0.029861111111111113,-0.10416666666666667,0.15833333333333335,0.6875
all,any_new_error,interaction,48,6,-0.1875,-0.3611111111111111,0.0,0.1875
all,any_tool_error,content,48,6,-0.09861111111111111,-0.25833333333333336,0.05833333333333334,0.375
all,any_tool_error,routing,48,6,-0.048611111111111105,-0.17361111111111108,0.05555555555555556,0.6875
all,any_tool_error,interaction,48,6,-0.15833333333333335,-0.525,0.23611111111111108,0.46875
all,budget_ceiling,content,48,6,0.0,0.0,0.0,1.0
all,budget_ceiling,routing,48,6,0.0,0.0,0.0,1.0
all,budget_ceiling,interaction,48,6,0.0,0.0,0.0,1.0
same,first_success,content,24,6,0.0,0.0,0.0,1.0
same,first_success,routing,24,6,0.0,0.0,0.0,1.0
same,first_success,interaction,24,6,0.0,0.0,0.0,1.0
same,final_success,content,24,6,0.0,0.0,0.0,1.0
same,final_success,routing,24,6,0.0,0.0,0.0,1.0
same,final_success,interaction,24,6,0.0,0.0,0.0,1.0
same,abstained,content,24,6,0.00972222222222222,-0.20555555555555557,0.2111111111111111,1.0
same,abstained,routing,24,6,-0.10694444444444445,-0.30003472222222227,0.07361111111111111,0.4375
same,abstained,interaction,24,6,0.17499999999999996,-0.10277777777777779,0.4305555555555556,0.3125
same,recurrence,content,24,6,-0.030555555555555558,-0.25,0.18055555555555558,0.8125
same,recurrence,routing,24,6,0.0861111111111111,-0.08333333333333333,0.26666666666666666,0.5
same,recurrence,interaction,24,6,-0.022222222222222216,-0.2222222222222222,0.17777777777777778,1.0
same,target_avoided_but_failed,content,24,6,0.030555555555555558,-0.18055555555555558,0.25,0.8125
same,target_avoided_but_failed,routing,24,6,-0.0861111111111111,-0.26666666666666666,0.08333333333333333,0.5
same,target_avoided_but_failed,interaction,24,6,0.022222222222222216,-0.17777777777777778,0.2222222222222222,1.0
same,any_new_error,content,24,6,0.03194444444444445,-0.12777777777777777,0.2125,0.8125
same,any_new_error,routing,24,6,0.1263888888888889,-0.06805555555555555,0.3277777777777778,0.3125
same,any_new_error,interaction,24,6,-0.20277777777777775,-0.47222222222222215,0.10277777777777779,0.28125
same,any_tool_error,content,24,6,0.012500000000000002,-0.13194444444444445,0.17777777777777778,0.875
same,any_tool_error,routing,24,6,-0.0625,-0.19444444444444445,0.07638888888888888,0.5
same,any_tool_error,interaction,24,6,-0.05277777777777779,-0.3444444444444444,0.2916666666666667,0.875
same,budget_ceiling,content,24,6,0.0,0.0,0.0,1.0
same,budget_ceiling,routing,24,6,0.0,0.0,0.0,1.0
same,budget_ceiling,interaction,24,6,0.0,0.0,0.0,1.0
transfer,first_success,content,24,6,0.0,0.0,0.0,1.0
transfer,first_success,routing,24,6,0.0,0.0,0.0,1.0
transfer,first_success,interaction,24,6,0.0,0.0,0.0,1.0
transfer,final_success,content,24,6,0.0,0.0,0.0,1.0
transfer,final_success,routing,24,6,0.0,0.0,0.0,1.0
transfer,final_success,interaction,24,6,0.0,0.0,0.0,1.0
transfer,abstained,content,24,6,0.07777777777777778,0.0,0.17777777777777778,0.5
transfer,abstained,routing,24,6,0.016666666666666666,0.0,0.05000000000000001,1.0
transfer,abstained,interaction,24,6,0.03333333333333333,0.0,0.10000000000000002,1.0
transfer,recurrence,content,24,6,-0.11944444444444442,-0.2722222222222222,0.06944444444444445,0.25
transfer,recurrence,routing,24,6,-0.016666666666666666,-0.05000000000000001,0.0,1.0
transfer,recurrence,interaction,24,6,-0.03333333333333333,-0.10000000000000002,0.0,1.0
transfer,target_avoided_but_failed,content,24,6,0.11944444444444442,-0.06944444444444445,0.2722222222222222,0.25
transfer,target_avoided_but_failed,routing,24,6,0.016666666666666666,0.0,0.05000000000000001,1.0
transfer,target_avoided_but_failed,interaction,24,6,0.03333333333333333,0.0,0.10000000000000002,1.0
transfer,any_new_error,content,24,6,-0.14722222222222223,-0.2388888888888889,-0.05555555555555555,0.125
transfer,any_new_error,routing,24,6,-0.06666666666666667,-0.16666666666666666,0.036111111111111115,0.375
transfer,any_new_error,interaction,24,6,-0.1722222222222222,-0.28333333333333327,-0.061111111111111116,0.125
transfer,any_tool_error,content,24,6,-0.20972222222222223,-0.4444444444444444,0.00416666666666667,0.1875
transfer,any_tool_error,routing,24,6,-0.03472222222222222,-0.2222222222222222,0.15277777777777776,1.0
transfer,any_tool_error,interaction,24,6,-0.2638888888888889,-0.7777777777777777,0.2222222222222222,0.5
transfer,budget_ceiling,content,24,6,0.0,0.0,0.0,1.0
transfer,budget_ceiling,routing,24,6,0.0,0.0,0.0,1.0
transfer,budget_ceiling,interaction,24,6,0.0,0.0,0.0,1.0
F1,first_success,content,12,5,0.0,0.0,0.0,1.0
F1,first_success,routing,12,5,0.0,0.0,0.0,1.0
F1,first_success,interaction,12,5,0.0,0.0,0.0,1.0
F1,final_success,content,12,5,0.0,0.0,0.0,1.0
F1,final_success,routing,12,5,0.0,0.0,0.0,1.0
F1,final_success,interaction,12,5,0.0,0.0,0.0,1.0
F1,abstained,content,12,5,-0.125,-0.425,0.2,0.625
F1,abstained,routing,12,5,0.125,0.025,0.225,0.25
F1,abstained,interaction,12,5,0.25,0.05,0.45,0.25
F1,recurrence,content,12,5,0.075,-0.225,0.375,1.0
F1,recurrence,routing,12,5,-0.125,-0.325,0.0,0.5
F1,recurrence,interaction,12,5,-0.05,-0.15,0.0,1.0
F1,target_avoided_but_failed,content,12,5,-0.075,-0.375,0.225,1.0
F1,target_avoided_but_failed,routing,12,5,0.125,0.0,0.325,0.5
F1,target_avoided_but_failed,interaction,12,5,0.05,0.0,0.15,1.0
F1,any_new_error,content,12,5,0.075,-0.1,0.2506249999999909,0.75
F1,any_new_error,routing,12,5,-0.325,-0.55,-0.1,0.125
F1,any_new_error,interaction,12,5,-0.55,-0.85,-0.25,0.125
F1,any_tool_error,content,12,5,-0.15,-0.25,-0.05,0.25
F1,any_tool_error,routing,12,5,0.05,-0.1,0.2,1.0
F1,any_tool_error,interaction,12,5,-0.1,-0.4,0.2,1.0
F1,budget_ceiling,content,12,5,0.0,0.0,0.0,1.0
F1,budget_ceiling,routing,12,5,0.0,0.0,0.0,1.0
F1,budget_ceiling,interaction,12,5,0.0,0.0,0.0,1.0
F2,first_success,content,12,4,0.0,0.0,0.0,1.0
F2,first_success,routing,12,4,0.0,0.0,0.0,1.0
F2,first_success,interaction,12,4,0.0,0.0,0.0,1.0
F2,final_success,content,12,4,0.0,0.0,0.0,1.0
F2,final_success,routing,12,4,0.0,0.0,0.0,1.0
F2,final_success,interaction,12,4,0.0,0.0,0.0,1.0
F2,abstained,content,12,4,0.25,0.0625,0.4375,0.25
F2,abstained,routing,12,4,-0.125,-0.375,0.0625,0.75
F2,abstained,interaction,12,4,0.125,0.0,0.25,0.5
F2,recurrence,content,12,4,-0.25,-0.4375,-0.0625,0.25
F2,recurrence,routing,12,4,0.125,-0.0625,0.375,0.75
F2,recurrence,interaction,12,4,-0.125,-0.25,0.0,0.5
F2,target_avoided_but_failed,content,12,4,0.25,0.0625,0.4375,0.25
F2,target_avoided_but_failed,routing,12,4,-0.125,-0.375,0.0625,0.75
F2,target_avoided_but_failed,interaction,12,4,0.125,0.0,0.25,0.5
F2,any_new_error,content,12,4,-0.25,-0.4375,-0.0625,0.25
F2,any_new_error,routing,12,4,0.125,-0.0625,0.375,0.75
F2,any_new_error,interaction,12,4,-0.125,-0.25,0.0,0.5
F2,any_tool_error,content,12,4,0.4375,0.28125,0.65625,0.125
F2,any_tool_error,routing,12,4,-0.125,-0.25,0.03125,0.375
F2,any_tool_error,interaction,12,4,0.25,-0.375,1.0625,0.875
F2,budget_ceiling,content,12,4,0.0,0.0,0.0,1.0
F2,budget_ceiling,routing,12,4,0.0,0.0,0.0,1.0
F2,budget_ceiling,interaction,12,4,0.0,0.0,0.0,1.0
F3,first_success,content,12,6,0.0,0.0,0.0,1.0
F3,first_success,routing,12,6,0.0,0.0,0.0,1.0
F3,first_success,interaction,12,6,0.0,0.0,0.0,1.0
F3,final_success,content,12,6,0.0,0.0,0.0,1.0
F3,final_success,routing,12,6,0.0,0.0,0.0,1.0
F3,final_success,interaction,12,6,0.0,0.0,0.0,1.0
F3,abstained,content,12,6,0.125,-0.041666666666666664,0.25,0.375
F3,abstained,routing,12,6,-0.125,-0.25,0.041666666666666664,0.375
F3,abstained,interaction,12,6,0.08333333333333333,-0.3333333333333333,0.4166666666666667,1.0
F3,recurrence,content,12,6,-0.16666666666666666,-0.3333333333333333,0.041666666666666664,0.3125
F3,recurrence,routing,12,6,0.08333333333333333,-0.08333333333333333,0.20833333333333334,0.625
F3,recurrence,interaction,12,6,0.0,-0.3333333333333333,0.3333333333333333,1.0
F3,target_avoided_but_failed,content,12,6,0.16666666666666666,-0.041666666666666664,0.3333333333333333,0.3125
F3,target_avoided_but_failed,routing,12,6,-0.08333333333333333,-0.20833333333333334,0.08333333333333333,0.625
F3,target_avoided_but_failed,interaction,12,6,0.0,-0.3333333333333333,0.3333333333333333,1.0
F3,any_new_error,content,12,6,-0.125,-0.25,0.041666666666666664,0.375
F3,any_new_error,routing,12,6,0.125,-0.041666666666666664,0.25,0.375
F3,any_new_error,interaction,12,6,-0.08333333333333333,-0.4166666666666667,0.3333333333333333,1.0
F3,any_tool_error,content,12,6,-0.4166666666666667,-0.6666666666666666,-0.16666666666666666,0.125
F3,any_tool_error,routing,12,6,-0.16666666666666666,-0.3333333333333333,0.0,0.5
F3,any_tool_error,interaction,12,6,0.0,-0.6666666666666666,0.6666666666666666,1.0
F3,budget_ceiling,content,12,6,0.0,0.0,0.0,1.0
F3,budget_ceiling,routing,12,6,0.0,0.0,0.0,1.0
F3,budget_ceiling,interaction,12,6,0.0,0.0,0.0,1.0
F4,first_success,content,12,6,0.0,0.0,0.0,1.0
F4,first_success,routing,12,6,0.0,0.0,0.0,1.0
F4,first_success,interaction,12,6,0.0,0.0,0.0,1.0
F4,final_success,content,12,6,0.0,0.0,0.0,1.0
F4,final_success,routing,12,6,0.0,0.0,0.0,1.0
F4,final_success,interaction,12,6,0.0,0.0,0.0,1.0
F4,abstained,content,12,6,-0.041666666666666664,-0.375,0.25,1.0
F4,abstained,routing,12,6,-0.041666666666666664,-0.16666666666666666,0.08333333333333333,1.0
F4,abstained,interaction,12,6,-0.08333333333333333,-0.3333333333333333,0.16666666666666666,1.0
F4,recurrence,content,12,6,0.041666666666666664,-0.25,0.375,1.0
F4,recurrence,routing,12,6,0.041666666666666664,-0.08333333333333333,0.16666666666666666,1.0
F4,recurrence,interaction,12,6,0.08333333333333333,-0.16666666666666666,0.3333333333333333,1.0
F4,target_avoided_but_failed,content,12,6,-0.041666666666666664,-0.375,0.25,1.0
F4,target_avoided_but_failed,routing,12,6,-0.041666666666666664,-0.16666666666666666,0.08333333333333333,1.0
F4,target_avoided_but_failed,interaction,12,6,-0.08333333333333333,-0.3333333333333333,0.16666666666666666,1.0
F4,any_new_error,content,12,6,0.041666666666666664,-0.25,0.375,1.0
F4,any_new_error,routing,12,6,0.20833333333333334,-0.041666666666666664,0.5416666666666666,0.5
F4,any_new_error,interaction,12,6,0.08333333333333333,-0.16666666666666666,0.3333333333333333,1.0
F4,any_tool_error,content,12,6,-0.125,-0.2916666666666667,0.041666666666666664,0.5
F4,any_tool_error,routing,12,6,0.041666666666666664,-0.16666666666666666,0.25,1.0
F4,any_tool_error,interaction,12,6,-0.5833333333333334,-0.8333333333333334,-0.3333333333333333,0.0625
F4,budget_ceiling,content,12,6,0.0,0.0,0.0,1.0
F4,budget_ceiling,routing,12,6,0.0,0.0,0.0,1.0
F4,budget_ceiling,interaction,12,6,0.0,0.0,0.0,1.0
