experiment,family_id,kind,method,n,opportunities,recurrence_count,recurrence_rate,mean_commits,mean_model_calls,mean_input_tokens,first_success_rate,final_success_rate,abstained_rate,strict_composition_failure_rate,preventive_action_rate,unnecessary_wait_rate,any_new_error_rate,any_tool_error_rate,budget_ceiling_rate,target_avoided_but_failed_rate,recurred_then_repaired_rate,outcome_first_success,outcome_recurred_then_repaired,outcome_late_success_without_target_recurrence,outcome_abstained,outcome_target_recurrence_failure,outcome_other_failure_without_target_recurrence
P2,workflow/capacity/F1,same,model_auto,1,1,1,1.0,1.0,22.0,18697.0,0.0,0.0,0.0,0.0,1.0,0.0,0.0,0.0,1.0,0.0,0.0,0,0,0,0,1,0
P2,workflow/capacity/F1,same,model_reviewed_route,1,1,1,1.0,1.0,22.0,18697.0,0.0,0.0,0.0,0.0,1.0,0.0,0.0,0.0,1.0,0.0,0.0,0,0,0,0,1,0
P2,workflow/capacity/F1,same,reviewed_auto,1,1,1,1.0,1.0,24.0,21381.0,0.0,0.0,0.0,0.0,1.0,0.0,0.0,0.0,1.0,0.0,0.0,0,0,0,0,1,0
P2,workflow/capacity/F1,same,reviewed_reviewed_route,1,1,1,1.0,1.0,22.0,18813.0,0.0,0.0,0.0,0.0,1.0,0.0,0.0,0.0,1.0,0.0,0.0,0,0,0,0,1,0
P2,workflow/capacity/F1,transfer,model_auto,1,1,1,1.0,1.0,24.0,21657.0,0.0,0.0,0.0,0.0,1.0,0.0,0.0,0.0,1.0,0.0,0.0,0,0,0,0,1,0
P2,workflow/capacity/F1,transfer,model_reviewed_route,1,1,1,1.0,1.0,24.0,21657.0,0.0,0.0,0.0,0.0,1.0,0.0,0.0,0.0,1.0,0.0,0.0,0,0,0,0,1,0
P2,workflow/capacity/F1,transfer,reviewed_auto,1,1,1,1.0,1.0,24.0,21866.0,0.0,0.0,0.0,0.0,1.0,0.0,0.0,0.0,1.0,0.0,0.0,0,0,0,0,1,0
P2,workflow/capacity/F1,transfer,reviewed_reviewed_route,1,1,1,1.0,1.0,24.0,21866.0,0.0,0.0,0.0,0.0,1.0,0.0,0.0,0.0,1.0,0.0,0.0,0,0,0,0,1,0
P2,workflow/capacity/F2,same,model_auto,2,2,2,1.0,1.0,23.0,18710.0,0.0,0.0,0.0,0.5,1.0,0.0,1.0,0.0,1.0,0.0,0.0,0,0,0,0,2,0
P2,workflow/capacity/F2,same,model_reviewed_route,2,2,2,1.0,1.0,22.0,19831.5,0.0,0.0,0.0,0.0,1.0,0.0,1.0,0.5,1.0,0.0,0.0,0,0,0,0,2,0
P2,workflow/capacity/F2,same,reviewed_auto,2,2,2,1.0,1.0,23.5,19846.5,0.0,0.0,0.0,0.5,1.0,0.0,1.0,0.5,1.0,0.0,0.0,0,0,0,0,2,0
P2,workflow/capacity/F2,same,reviewed_reviewed_route,2,2,2,1.0,1.0,21.5,19320.5,0.0,0.0,0.0,0.0,1.0,0.0,1.0,0.5,1.0,0.0,0.0,0,0,0,0,2,0
P2,workflow/capacity/F2,transfer,model_auto,2,2,2,1.0,1.0,24.0,20124.0,0.0,0.0,0.0,0.0,0.5,0.0,1.0,0.5,1.0,0.0,0.0,0,0,0,0,2,0
P2,workflow/capacity/F2,transfer,model_reviewed_route,2,2,2,1.0,1.0,23.0,20818.5,0.0,0.0,0.0,0.0,0.0,0.0,1.0,0.5,1.0,0.0,0.0,0,0,0,0,2,0
P2,workflow/capacity/F2,transfer,reviewed_auto,2,2,1,0.5,1.0,23.5,20005.0,0.0,0.0,0.5,0.0,1.0,0.0,0.5,1.0,1.0,0.5,0.0,0,0,0,1,1,0
P2,workflow/capacity/F2,transfer,reviewed_reviewed_route,2,2,0,0.0,0.0,24.0,21812.0,0.0,0.0,1.0,0.0,1.0,0.0,0.0,1.0,1.0,1.0,0.0,0,0,0,2,0,0
P2,workflow/capacity/F3,same,model_auto,1,1,1,1.0,1.0,24.0,27104.0,0.0,0.0,0.0,0.0,1.0,0.0,1.0,1.0,1.0,0.0,0.0,0,0,0,0,1,0
P2,workflow/capacity/F3,same,model_reviewed_route,1,1,1,1.0,1.0,22.0,21671.0,0.0,0.0,0.0,0.0,1.0,0.0,1.0,0.0,1.0,0.0,0.0,0,0,0,0,1,0
P2,workflow/capacity/F3,same,reviewed_auto,1,1,0,0.0,0.0,24.0,27642.0,0.0,0.0,1.0,0.0,0.0,0.0,0.0,1.0,1.0,1.0,0.0,0,0,0,1,0,0
P2,workflow/capacity/F3,same,reviewed_reviewed_route,1,1,1,1.0,4.0,24.0,24683.0,0.0,0.0,0.0,0.0,1.0,0.0,1.0,0.0,1.0,0.0,0.0,0,0,0,0,1,0
P2,workflow/capacity/F3,transfer,model_auto,1,1,1,1.0,1.0,22.0,24438.0,0.0,0.0,0.0,0.0,1.0,0.0,1.0,0.0,1.0,0.0,0.0,0,0,0,0,1,0
P2,workflow/capacity/F3,transfer,model_reviewed_route,1,1,1,1.0,1.0,22.0,21537.0,0.0,0.0,0.0,0.0,1.0,0.0,1.0,0.0,1.0,0.0,0.0,0,0,0,0,1,0
P2,workflow/capacity/F3,transfer,reviewed_auto,1,1,1,1.0,1.0,22.0,24972.0,0.0,0.0,0.0,0.0,1.0,0.0,1.0,0.0,1.0,0.0,0.0,0,0,0,0,1,0
P2,workflow/capacity/F3,transfer,reviewed_reviewed_route,1,1,1,1.0,4.0,24.0,24435.0,0.0,0.0,0.0,0.0,1.0,0.0,1.0,0.0,1.0,0.0,0.0,0,0,0,0,1,0
P2,workflow/capacity/F4,same,model_auto,1,1,1,1.0,1.0,23.0,21107.0,0.0,0.0,0.0,0.0,1.0,0.0,0.0,0.0,1.0,0.0,0.0,0,0,0,0,1,0
P2,workflow/capacity/F4,same,model_reviewed_route,1,1,1,1.0,1.0,21.0,24816.0,0.0,0.0,0.0,0.0,1.0,0.0,1.0,1.0,1.0,0.0,0.0,0,0,0,0,1,0
P2,workflow/capacity/F4,same,reviewed_auto,1,1,1,1.0,1.0,22.0,18732.0,0.0,0.0,0.0,1.0,1.0,0.0,0.0,1.0,1.0,0.0,0.0,0,0,0,0,1,0
P2,workflow/capacity/F4,same,reviewed_reviewed_route,1,1,1,1.0,1.0,23.0,25251.0,0.0,0.0,0.0,0.0,1.0,0.0,1.0,1.0,1.0,0.0,0.0,0,0,0,0,1,0
P2,workflow/capacity/F4,transfer,model_auto,1,1,1,1.0,1.0,24.0,22532.0,0.0,0.0,0.0,0.0,1.0,0.0,0.0,1.0,1.0,0.0,0.0,0,0,0,0,1,0
P2,workflow/capacity/F4,transfer,model_reviewed_route,1,1,1,1.0,1.0,23.0,27600.0,0.0,0.0,0.0,0.0,1.0,0.0,1.0,1.0,1.0,0.0,0.0,0,0,0,0,1,0
P2,workflow/capacity/F4,transfer,reviewed_auto,1,1,1,1.0,1.0,23.0,20028.0,0.0,0.0,0.0,0.0,1.0,0.0,0.0,1.0,1.0,0.0,0.0,0,0,0,0,1,0
P2,workflow/capacity/F4,transfer,reviewed_reviewed_route,1,1,1,1.0,1.0,21.0,22763.0,0.0,0.0,0.0,0.0,1.0,0.0,1.0,1.0,1.0,0.0,0.0,0,0,0,0,1,0
P2,workflow/coverage/F1,same,model_auto,2,2,0,0.0,0.0,24.0,24007.0,0.0,0.0,1.0,0.0,1.0,0.0,0.0,1.0,1.0,1.0,0.0,0,0,0,2,0,0
P2,workflow/coverage/F1,same,model_reviewed_route,2,2,0,0.0,0.0,23.5,21474.5,0.0,0.0,1.0,0.0,1.0,0.0,0.0,1.0,1.0,1.0,0.0,0,0,0,2,0,0
P2,workflow/coverage/F1,same,reviewed_auto,2,2,2,1.0,1.0,23.5,23119.5,0.0,0.0,0.0,0.0,1.0,0.0,1.0,1.0,1.0,0.0,0.0,0,0,0,0,2,0
P2,workflow/coverage/F1,same,reviewed_reviewed_route,2,2,1,0.5,0.5,24.0,21779.0,0.0,0.0,0.5,0.0,1.0,0.0,0.0,1.0,1.0,0.5,0.0,0,0,0,1,1,0
P2,workflow/coverage/F1,transfer,model_auto,2,2,2,1.0,0.5,23.5,23160.5,0.0,0.0,0.5,0.0,0.5,0.0,0.0,0.5,1.0,0.0,0.0,0,0,0,1,1,0
P2,workflow/coverage/F1,transfer,model_reviewed_route,2,2,2,1.0,0.5,23.5,21279.5,0.0,0.0,0.5,0.0,1.0,0.0,0.5,0.5,1.0,0.0,0.0,0,0,0,1,1,0
P2,workflow/coverage/F1,transfer,reviewed_auto,2,2,2,1.0,1.0,23.0,22418.5,0.0,0.0,0.0,0.0,0.5,0.0,0.5,0.5,1.0,0.0,0.0,0,0,0,0,2,0
P2,workflow/coverage/F1,transfer,reviewed_reviewed_route,2,2,2,1.0,1.0,23.5,21450.5,0.0,0.0,0.0,0.0,1.0,0.0,0.5,0.5,1.0,0.0,0.0,0,0,0,0,2,0
P2,workflow/coverage/F2,same,model_auto,2,2,0,0.0,0.0,23.5,20461.0,0.0,0.0,1.0,0.0,0.5,0.0,0.0,1.0,1.0,1.0,0.0,0,0,0,2,0,0
P2,workflow/coverage/F2,same,model_reviewed_route,2,2,1,0.5,0.5,22.5,19489.0,0.0,0.0,0.5,0.0,0.5,0.0,0.5,0.5,1.0,0.5,0.0,0,0,0,1,1,0
P2,workflow/coverage/F2,same,reviewed_auto,2,2,2,1.0,2.5,22.0,19391.5,0.0,0.0,0.0,0.0,1.0,0.0,1.0,1.0,1.0,0.0,0.0,0,0,0,0,2,0
P2,workflow/coverage/F2,same,reviewed_reviewed_route,2,2,2,1.0,2.5,22.5,19546.0,0.0,0.0,0.0,0.0,1.0,0.0,1.0,1.0,1.0,0.0,0.0,0,0,0,0,2,0
P2,workflow/coverage/F2,transfer,model_auto,2,2,2,1.0,1.0,23.5,21022.5,0.0,0.0,0.0,0.0,0.5,0.0,1.0,0.5,1.0,0.0,0.0,0,0,0,0,2,0
P2,workflow/coverage/F2,transfer,model_reviewed_route,2,2,2,1.0,1.0,23.5,20874.5,0.0,0.0,0.0,0.0,0.5,0.0,1.0,0.5,1.0,0.0,0.0,0,0,0,0,2,0
P2,workflow/coverage/F2,transfer,reviewed_auto,2,2,0,0.0,0.0,24.0,21519.5,0.0,0.0,1.0,0.0,1.0,0.0,0.0,1.0,1.0,1.0,0.0,0,0,0,2,0,0
P2,workflow/coverage/F2,transfer,reviewed_reviewed_route,2,2,0,0.0,0.0,24.0,21556.5,0.0,0.0,1.0,0.0,1.0,0.0,0.0,1.0,1.0,1.0,0.0,0,0,0,2,0,0
P2,workflow/coverage/F3,same,model_auto,1,1,1,1.0,1.0,24.0,21944.0,0.0,0.0,0.0,0.0,1.0,0.0,1.0,1.0,1.0,0.0,0.0,0,0,0,0,1,0
P2,workflow/coverage/F3,same,model_reviewed_route,1,1,1,1.0,1.0,22.0,22061.0,0.0,0.0,0.0,0.0,1.0,0.0,1.0,0.0,1.0,0.0,0.0,0,0,0,0,1,0
P2,workflow/coverage/F3,same,reviewed_auto,1,1,1,1.0,1.0,24.0,21540.0,0.0,0.0,0.0,0.0,1.0,0.0,1.0,0.0,1.0,0.0,0.0,0,0,0,0,1,0
P2,workflow/coverage/F3,same,reviewed_reviewed_route,1,1,0,0.0,0.0,24.0,24276.0,0.0,0.0,1.0,0.0,1.0,0.0,0.0,1.0,1.0,1.0,0.0,0,0,0,1,0,0
P2,workflow/coverage/F3,transfer,model_auto,1,1,1,1.0,1.0,22.0,19028.0,0.0,0.0,0.0,0.0,1.0,0.0,1.0,1.0,1.0,0.0,0.0,0,0,0,0,1,0
P2,workflow/coverage/F3,transfer,model_reviewed_route,1,1,1,1.0,1.0,23.0,23662.0,0.0,0.0,0.0,0.0,1.0,0.0,1.0,1.0,1.0,0.0,0.0,0,0,0,0,1,0
P2,workflow/coverage/F3,transfer,reviewed_auto,1,1,1,1.0,2.0,24.0,21311.0,0.0,0.0,0.0,0.0,1.0,0.0,1.0,0.0,1.0,0.0,0.0,0,0,0,0,1,0
P2,workflow/coverage/F3,transfer,reviewed_reviewed_route,1,1,1,1.0,2.0,24.0,24804.0,0.0,0.0,0.0,0.0,1.0,0.0,1.0,0.0,1.0,0.0,0.0,0,0,0,0,1,0
P2,workflow/coverage/F4,same,model_auto,1,1,1,1.0,1.0,24.0,22839.0,0.0,0.0,0.0,0.0,1.0,0.0,1.0,1.0,1.0,0.0,0.0,0,0,0,0,1,0
P2,workflow/coverage/F4,same,model_reviewed_route,1,1,1,1.0,1.0,24.0,28670.0,0.0,0.0,0.0,0.0,1.0,0.0,1.0,1.0,1.0,0.0,0.0,0,0,0,0,1,0
P2,workflow/coverage/F4,same,reviewed_auto,1,1,0,0.0,0.0,24.0,22178.0,0.0,0.0,1.0,0.0,1.0,0.0,0.0,1.0,1.0,1.0,0.0,0,0,0,1,0,0
P2,workflow/coverage/F4,same,reviewed_reviewed_route,1,1,1,1.0,1.0,23.0,25524.0,0.0,0.0,0.0,0.0,1.0,0.0,1.0,0.0,1.0,0.0,0.0,0,0,0,0,1,0
P2,workflow/coverage/F4,transfer,model_auto,1,1,1,1.0,1.0,23.0,21343.0,0.0,0.0,0.0,0.0,1.0,0.0,1.0,0.0,1.0,0.0,0.0,0,0,0,0,1,0
P2,workflow/coverage/F4,transfer,model_reviewed_route,1,1,1,1.0,1.0,22.0,26007.0,0.0,0.0,0.0,0.0,1.0,0.0,1.0,0.0,1.0,0.0,0.0,0,0,0,0,1,0
P2,workflow/coverage/F4,transfer,reviewed_auto,1,1,1,1.0,1.0,22.0,18935.0,0.0,0.0,0.0,0.0,1.0,0.0,1.0,0.0,1.0,0.0,0.0,0,0,0,0,1,0
P2,workflow/coverage/F4,transfer,reviewed_reviewed_route,1,1,1,1.0,1.0,21.0,22836.0,0.0,0.0,0.0,0.0,1.0,0.0,1.0,0.0,1.0,0.0,0.0,0,0,0,0,1,0
P2,workflow/dispatch/F2,same,model_auto,1,1,0,0.0,0.0,24.0,21630.0,0.0,0.0,1.0,0.0,1.0,0.0,0.0,1.0,1.0,1.0,0.0,0,0,0,1,0,0
P2,workflow/dispatch/F2,same,model_reviewed_route,1,1,1,1.0,1.0,22.0,19427.0,0.0,0.0,0.0,0.0,1.0,0.0,1.0,0.0,1.0,0.0,0.0,0,0,0,0,1,0
P2,workflow/dispatch/F2,same,reviewed_auto,1,1,0,0.0,0.0,24.0,20628.0,0.0,0.0,1.0,0.0,1.0,0.0,0.0,1.0,1.0,1.0,0.0,0,0,0,1,0,0
P2,workflow/dispatch/F2,same,reviewed_reviewed_route,1,1,1,1.0,1.0,23.0,19785.0,0.0,0.0,0.0,0.0,1.0,0.0,1.0,1.0,1.0,0.0,0.0,0,0,0,0,1,0
P2,workflow/dispatch/F2,transfer,model_auto,1,1,1,1.0,1.0,23.0,20955.0,0.0,0.0,0.0,0.0,1.0,0.0,1.0,1.0,1.0,0.0,0.0,0,0,0,0,1,0
P2,workflow/dispatch/F2,transfer,model_reviewed_route,1,1,1,1.0,1.0,23.0,20887.0,0.0,0.0,0.0,0.0,1.0,0.0,1.0,0.0,1.0,0.0,0.0,0,0,0,0,1,0
P2,workflow/dispatch/F2,transfer,reviewed_auto,1,1,0,0.0,1.0,23.0,19764.0,0.0,0.0,0.0,0.0,1.0,0.0,1.0,0.0,1.0,1.0,0.0,0,0,0,0,0,1
P2,workflow/dispatch/F2,transfer,reviewed_reviewed_route,1,1,0,0.0,1.0,23.0,20005.0,0.0,0.0,0.0,0.0,1.0,0.0,1.0,1.0,1.0,1.0,0.0,0,0,0,0,0,1
P2,workflow/dispatch/F3,same,model_auto,1,1,1,1.0,1.0,23.0,20452.0,0.0,0.0,0.0,0.0,1.0,0.0,1.0,1.0,1.0,0.0,0.0,0,0,0,0,1,0
P2,workflow/dispatch/F3,same,model_reviewed_route,1,1,1,1.0,1.0,23.0,23173.0,0.0,0.0,0.0,0.0,1.0,0.0,1.0,0.0,1.0,0.0,0.0,0,0,0,0,1,0
P2,workflow/dispatch/F3,same,reviewed_auto,1,1,0,0.0,0.0,24.0,21430.0,0.0,0.0,1.0,0.0,1.0,0.0,0.0,1.0,1.0,1.0,0.0,0,0,0,1,0,0
P2,workflow/dispatch/F3,same,reviewed_reviewed_route,1,1,1,1.0,1.0,24.0,24233.0,0.0,0.0,0.0,0.0,1.0,0.0,1.0,1.0,1.0,0.0,0.0,0,0,0,0,1,0
P2,workflow/dispatch/F3,transfer,model_auto,1,1,1,1.0,1.0,23.0,20354.0,0.0,0.0,0.0,0.0,1.0,0.0,1.0,1.0,1.0,0.0,0.0,0,0,0,0,1,0
P2,workflow/dispatch/F3,transfer,model_reviewed_route,1,1,1,1.0,1.0,22.0,21964.0,0.0,0.0,0.0,0.0,1.0,0.0,1.0,0.0,1.0,0.0,0.0,0,0,0,0,1,0
P2,workflow/dispatch/F3,transfer,reviewed_auto,1,1,1,1.0,2.0,24.0,21353.0,0.0,0.0,0.0,0.0,1.0,0.0,1.0,0.0,1.0,0.0,0.0,0,0,0,0,1,0
P2,workflow/dispatch/F3,transfer,reviewed_reviewed_route,1,1,1,1.0,1.0,24.0,24480.0,0.0,0.0,0.0,0.0,1.0,0.0,1.0,0.0,1.0,0.0,0.0,0,0,0,0,1,0
P2,workflow/dispatch/F4,same,model_auto,1,1,1,1.0,1.0,22.0,17233.0,0.0,0.0,0.0,0.0,1.0,0.0,1.0,1.0,1.0,0.0,0.0,0,0,0,0,1,0
P2,workflow/dispatch/F4,same,model_reviewed_route,1,1,1,1.0,1.0,24.0,27266.0,0.0,0.0,0.0,0.0,1.0,0.0,1.0,1.0,1.0,0.0,0.0,0,0,0,0,1,0
P2,workflow/dispatch/F4,same,reviewed_auto,1,1,1,1.0,1.0,23.0,17740.0,0.0,0.0,0.0,0.0,1.0,0.0,1.0,1.0,1.0,0.0,0.0,0,0,0,0,1,0
P2,workflow/dispatch/F4,same,reviewed_reviewed_route,1,1,1,1.0,1.0,23.0,25679.0,0.0,0.0,0.0,0.0,1.0,0.0,1.0,1.0,1.0,0.0,0.0,0,0,0,0,1,0
P2,workflow/dispatch/F4,transfer,model_auto,1,1,1,1.0,1.0,24.0,18709.0,0.0,0.0,0.0,0.0,1.0,0.0,1.0,1.0,1.0,0.0,0.0,0,0,0,0,1,0
P2,workflow/dispatch/F4,transfer,model_reviewed_route,1,1,1,1.0,1.0,22.0,24579.0,0.0,0.0,0.0,0.0,1.0,0.0,1.0,1.0,1.0,0.0,0.0,0,0,0,0,1,0
P2,workflow/dispatch/F4,transfer,reviewed_auto,1,1,1,1.0,1.0,24.0,18464.0,0.0,0.0,0.0,0.0,1.0,0.0,1.0,1.0,1.0,0.0,0.0,0,0,0,0,1,0
P2,workflow/dispatch/F4,transfer,reviewed_reviewed_route,1,1,1,1.0,1.0,21.0,22756.0,0.0,0.0,0.0,0.0,1.0,0.0,1.0,0.0,1.0,0.0,0.0,0,0,0,0,1,0
P2,workflow/energy/F1,same,model_auto,1,1,1,1.0,0.0,24.0,21857.0,0.0,0.0,1.0,0.0,1.0,0.0,0.0,1.0,1.0,0.0,0.0,0,0,0,1,0,0
P2,workflow/energy/F1,same,model_reviewed_route,1,1,0,0.0,0.0,24.0,21910.0,0.0,0.0,1.0,0.0,1.0,0.0,0.0,1.0,1.0,1.0,0.0,0,0,0,1,0,0
P2,workflow/energy/F1,same,reviewed_auto,1,1,1,1.0,1.0,24.0,21697.0,0.0,0.0,0.0,0.0,1.0,0.0,1.0,0.0,1.0,0.0,0.0,0,0,0,0,1,0
P2,workflow/energy/F1,same,reviewed_reviewed_route,1,1,0,0.0,0.0,24.0,21324.0,0.0,0.0,1.0,0.0,1.0,0.0,0.0,1.0,1.0,1.0,0.0,0,0,0,1,0,0
P2,workflow/energy/F1,transfer,model_auto,1,1,1,1.0,1.0,23.0,21156.0,0.0,0.0,0.0,0.0,1.0,0.0,1.0,0.0,1.0,0.0,0.0,0,0,0,0,1,0
P2,workflow/energy/F1,transfer,model_reviewed_route,1,1,1,1.0,1.0,22.0,19491.0,0.0,0.0,0.0,0.0,1.0,0.0,0.0,0.0,1.0,0.0,0.0,0,0,0,0,1,0
P2,workflow/energy/F1,transfer,reviewed_auto,1,1,1,1.0,1.0,24.0,21679.0,0.0,0.0,0.0,0.0,1.0,0.0,1.0,0.0,1.0,0.0,0.0,0,0,0,0,1,0
P2,workflow/energy/F1,transfer,reviewed_reviewed_route,1,1,1,1.0,1.0,23.0,20270.0,0.0,0.0,0.0,0.0,1.0,0.0,0.0,0.0,1.0,0.0,0.0,0,0,0,0,1,0
P2,workflow/energy/F2,same,model_auto,1,1,1,1.0,1.0,21.0,20919.0,0.0,0.0,0.0,0.0,1.0,0.0,1.0,0.0,1.0,0.0,0.0,0,0,0,0,1,0
P2,workflow/energy/F2,same,model_reviewed_route,1,1,1,1.0,1.0,23.0,20411.0,0.0,0.0,0.0,0.0,1.0,0.0,1.0,0.0,1.0,0.0,0.0,0,0,0,0,1,0
P2,workflow/energy/F2,same,reviewed_auto,1,1,1,1.0,1.0,23.0,24047.0,0.0,0.0,0.0,0.0,1.0,0.0,1.0,1.0,1.0,0.0,0.0,0,0,0,0,1,0
P2,workflow/energy/F2,same,reviewed_reviewed_route,1,1,1,1.0,1.0,22.0,20949.0,0.0,0.0,0.0,0.0,1.0,0.0,1.0,0.0,1.0,0.0,0.0,0,0,0,0,1,0
P2,workflow/energy/F2,transfer,model_auto,1,1,1,1.0,1.0,21.0,21015.0,0.0,0.0,0.0,0.0,0.0,0.0,1.0,0.0,1.0,0.0,0.0,0,0,0,0,1,0
P2,workflow/energy/F2,transfer,model_reviewed_route,1,1,1,1.0,1.0,23.0,20541.0,0.0,0.0,0.0,0.0,0.0,0.0,1.0,0.0,1.0,0.0,0.0,0,0,0,0,1,0
P2,workflow/energy/F2,transfer,reviewed_auto,1,1,1,1.0,0.0,23.0,24108.0,0.0,0.0,1.0,0.0,1.0,0.0,0.0,1.0,1.0,0.0,0.0,0,0,0,1,0,0
P2,workflow/energy/F2,transfer,reviewed_reviewed_route,1,1,1,1.0,0.0,24.0,22356.0,0.0,0.0,1.0,0.0,1.0,0.0,0.0,1.0,1.0,0.0,0.0,0,0,0,1,0,0
P2,workflow/energy/F3,same,model_auto,1,1,0,0.0,0.0,24.0,21709.0,0.0,0.0,1.0,0.0,1.0,0.0,0.0,1.0,1.0,1.0,0.0,0,0,0,1,0,0
P2,workflow/energy/F3,same,model_reviewed_route,1,1,1,1.0,1.0,21.0,20791.0,0.0,0.0,0.0,0.0,1.0,0.0,1.0,1.0,1.0,0.0,0.0,0,0,0,0,1,0
P2,workflow/energy/F3,same,reviewed_auto,1,1,1,1.0,1.0,22.0,20484.0,0.0,0.0,0.0,0.0,1.0,0.0,1.0,1.0,1.0,0.0,0.0,0,0,0,0,1,0
P2,workflow/energy/F3,same,reviewed_reviewed_route,1,1,1,1.0,1.0,21.0,20475.0,0.0,0.0,0.0,0.0,1.0,0.0,1.0,0.0,1.0,0.0,0.0,0,0,0,0,1,0
P2,workflow/energy/F3,transfer,model_auto,1,1,1,1.0,1.0,24.0,21455.0,0.0,0.0,0.0,0.0,1.0,0.0,1.0,0.0,1.0,0.0,0.0,0,0,0,0,1,0
P2,workflow/energy/F3,transfer,model_reviewed_route,1,1,1,1.0,1.0,21.0,21013.0,0.0,0.0,0.0,0.0,1.0,0.0,1.0,1.0,1.0,0.0,0.0,0,0,0,0,1,0
P2,workflow/energy/F3,transfer,reviewed_auto,1,1,1,1.0,3.0,24.0,21312.0,0.0,0.0,0.0,0.0,1.0,0.0,1.0,0.0,1.0,0.0,0.0,0,0,0,0,1,0
P2,workflow/energy/F3,transfer,reviewed_reviewed_route,1,1,1,1.0,1.0,24.0,24708.0,0.0,0.0,0.0,0.0,1.0,0.0,1.0,0.0,1.0,0.0,0.0,0,0,0,0,1,0
P2,workflow/energy/F4,same,model_auto,1,1,1,1.0,1.0,24.0,22286.0,0.0,0.0,0.0,0.0,1.0,0.0,1.0,0.0,1.0,0.0,0.0,0,0,0,0,1,0
P2,workflow/energy/F4,same,model_reviewed_route,1,1,0,0.0,0.0,23.0,26616.0,0.0,0.0,1.0,0.0,1.0,0.0,0.0,1.0,1.0,1.0,0.0,0,0,0,1,0,0
P2,workflow/energy/F4,same,reviewed_auto,1,1,1,1.0,1.0,24.0,21768.0,0.0,0.0,0.0,0.0,1.0,0.0,1.0,0.0,1.0,0.0,0.0,0,0,0,0,1,0
P2,workflow/energy/F4,same,reviewed_reviewed_route,1,1,1,1.0,1.0,22.0,24744.0,0.0,0.0,0.0,0.0,1.0,0.0,1.0,1.0,1.0,0.0,0.0,0,0,0,0,1,0
P2,workflow/energy/F4,transfer,model_auto,1,1,0,0.0,0.0,24.0,21779.0,0.0,0.0,1.0,0.0,1.0,0.0,0.0,1.0,1.0,1.0,0.0,0,0,0,1,0,0
P2,workflow/energy/F4,transfer,model_reviewed_route,1,1,0,0.0,0.0,23.0,26474.0,0.0,0.0,1.0,0.0,1.0,0.0,0.0,1.0,1.0,1.0,0.0,0,0,0,1,0,0
P2,workflow/energy/F4,transfer,reviewed_auto,1,1,1,1.0,1.0,24.0,21350.0,0.0,0.0,0.0,0.0,1.0,0.0,1.0,0.0,1.0,0.0,0.0,0,0,0,0,1,0
P2,workflow/energy/F4,transfer,reviewed_reviewed_route,1,1,1,1.0,1.0,22.0,24090.0,0.0,0.0,0.0,0.0,1.0,0.0,1.0,0.0,1.0,0.0,0.0,0,0,0,0,1,0
P2,workflow/penalty/F1,same,model_auto,1,1,1,1.0,1.0,24.0,19152.0,0.0,0.0,0.0,0.0,1.0,0.0,0.0,1.0,1.0,0.0,0.0,0,0,0,0,1,0
P2,workflow/penalty/F1,same,model_reviewed_route,1,1,1,1.0,1.0,24.0,22560.0,0.0,0.0,0.0,0.0,1.0,0.0,0.0,1.0,1.0,0.0,0.0,0,0,0,0,1,0
P2,workflow/penalty/F1,same,reviewed_auto,1,1,0,0.0,0.0,24.0,18738.0,0.0,0.0,1.0,0.0,1.0,0.0,0.0,1.0,1.0,1.0,0.0,0,0,0,1,0,0
P2,workflow/penalty/F1,same,reviewed_reviewed_route,1,1,0,0.0,0.0,24.0,21518.0,0.0,0.0,1.0,0.0,1.0,0.0,0.0,1.0,1.0,1.0,0.0,0,0,0,1,0,0
P2,workflow/penalty/F1,transfer,model_auto,1,1,1,1.0,1.0,24.0,18977.0,0.0,0.0,0.0,0.0,1.0,0.0,1.0,0.0,1.0,0.0,0.0,0,0,0,0,1,0
P2,workflow/penalty/F1,transfer,model_reviewed_route,1,1,1,1.0,1.0,23.0,21702.0,0.0,0.0,0.0,0.0,1.0,0.0,1.0,1.0,1.0,0.0,0.0,0,0,0,0,1,0
P2,workflow/penalty/F1,transfer,reviewed_auto,1,1,1,1.0,1.0,23.0,18116.0,0.0,0.0,0.0,0.0,1.0,0.0,1.0,0.0,1.0,0.0,0.0,0,0,0,0,1,0
P2,workflow/penalty/F1,transfer,reviewed_reviewed_route,1,1,1,1.0,1.0,22.0,19332.0,0.0,0.0,0.0,0.0,1.0,0.0,0.0,0.0,1.0,0.0,0.0,0,0,0,0,1,0
P2,workflow/penalty/F3,same,model_auto,1,1,1,1.0,0.0,23.0,17497.0,0.0,0.0,1.0,0.0,1.0,0.0,0.0,1.0,1.0,0.0,0.0,0,0,0,1,0,0
P2,workflow/penalty/F3,same,model_reviewed_route,1,1,1,1.0,1.0,22.0,22779.0,0.0,0.0,0.0,0.0,1.0,0.0,1.0,1.0,1.0,0.0,0.0,0,0,0,0,1,0
P2,workflow/penalty/F3,same,reviewed_auto,1,1,0,0.0,0.0,23.0,17019.0,0.0,0.0,1.0,0.0,1.0,0.0,0.0,1.0,1.0,1.0,0.0,0,0,0,1,0,0
P2,workflow/penalty/F3,same,reviewed_reviewed_route,1,1,0,0.0,0.0,21.0,20467.0,0.0,0.0,1.0,0.0,1.0,0.0,0.0,0.0,1.0,1.0,0.0,0,0,0,1,0,0
P2,workflow/penalty/F3,transfer,model_auto,1,1,1,1.0,1.0,23.0,18346.0,0.0,0.0,0.0,0.0,1.0,0.0,1.0,0.0,1.0,0.0,0.0,0,0,0,0,1,0
P2,workflow/penalty/F3,transfer,model_reviewed_route,1,1,1,1.0,1.0,24.0,25736.0,0.0,0.0,0.0,0.0,1.0,0.0,1.0,1.0,1.0,0.0,0.0,0,0,0,0,1,0
P2,workflow/penalty/F3,transfer,reviewed_auto,1,1,1,1.0,1.0,24.0,18799.0,0.0,0.0,0.0,0.0,1.0,0.0,1.0,0.0,1.0,0.0,0.0,0,0,0,0,1,0
P2,workflow/penalty/F3,transfer,reviewed_reviewed_route,1,1,1,1.0,4.0,24.0,24473.0,0.0,0.0,0.0,0.0,1.0,0.0,1.0,0.0,1.0,0.0,0.0,0,0,0,0,1,0
P2,workflow/penalty/F4,same,model_auto,1,1,0,0.0,0.0,24.0,18240.0,0.0,0.0,1.0,0.0,1.0,0.0,0.0,1.0,1.0,1.0,0.0,0,0,0,1,0,0
P2,workflow/penalty/F4,same,model_reviewed_route,1,1,1,1.0,1.0,22.0,25717.0,0.0,0.0,0.0,0.0,1.0,0.0,1.0,1.0,1.0,0.0,0.0,0,0,0,0,1,0
P2,workflow/penalty/F4,same,reviewed_auto,1,1,1,1.0,1.0,24.0,18510.0,0.0,0.0,0.0,0.0,1.0,0.0,1.0,1.0,1.0,0.0,0.0,0,0,0,0,1,0
P2,workflow/penalty/F4,same,reviewed_reviewed_route,1,1,1,1.0,1.0,21.0,22863.0,0.0,0.0,0.0,0.0,1.0,0.0,1.0,1.0,1.0,0.0,0.0,0,0,0,0,1,0
P2,workflow/penalty/F4,transfer,model_auto,1,1,1,1.0,1.0,23.0,17852.0,0.0,0.0,0.0,0.0,1.0,0.0,1.0,0.0,1.0,0.0,0.0,0,0,0,0,1,0
P2,workflow/penalty/F4,transfer,model_reviewed_route,1,1,1,1.0,1.0,23.0,26875.0,0.0,0.0,0.0,0.0,1.0,0.0,1.0,1.0,1.0,0.0,0.0,0,0,0,0,1,0
P2,workflow/penalty/F4,transfer,reviewed_auto,1,1,1,1.0,1.0,24.0,18647.0,0.0,0.0,0.0,0.0,1.0,0.0,1.0,1.0,1.0,0.0,0.0,0,0,0,0,1,0
P2,workflow/penalty/F4,transfer,reviewed_reviewed_route,1,1,1,1.0,1.0,20.0,21380.0,0.0,0.0,0.0,0.0,1.0,0.0,1.0,0.0,1.0,0.0,0.0,0,0,0,0,1,0
P2,workflow/storage/F1,same,model_auto,1,1,0,0.0,0.0,24.0,21980.0,0.0,0.0,1.0,0.0,1.0,0.0,0.0,1.0,1.0,1.0,0.0,0,0,0,1,0,0
P2,workflow/storage/F1,same,model_reviewed_route,1,1,0,0.0,0.0,24.0,21404.0,0.0,0.0,1.0,0.0,1.0,0.0,0.0,1.0,1.0,1.0,0.0,0,0,0,1,0,0
P2,workflow/storage/F1,same,reviewed_auto,1,1,1,1.0,1.0,23.0,20434.0,0.0,0.0,0.0,0.0,1.0,0.0,1.0,1.0,1.0,0.0,0.0,0,0,0,0,1,0
P2,workflow/storage/F1,same,reviewed_reviewed_route,1,1,1,1.0,0.0,24.0,21322.0,0.0,0.0,1.0,0.0,1.0,0.0,0.0,1.0,1.0,0.0,0.0,0,0,0,1,0,0
P2,workflow/storage/F1,transfer,model_auto,1,1,1,1.0,1.0,22.0,18808.0,0.0,0.0,0.0,0.0,1.0,0.0,1.0,1.0,1.0,0.0,0.0,0,0,0,0,1,0
P2,workflow/storage/F1,transfer,model_reviewed_route,1,1,1,1.0,1.0,23.0,20079.0,0.0,0.0,0.0,0.0,1.0,0.0,1.0,1.0,1.0,0.0,0.0,0,0,0,0,1,0
P2,workflow/storage/F1,transfer,reviewed_auto,1,1,1,1.0,1.0,24.0,21608.0,0.0,0.0,0.0,0.0,1.0,0.0,1.0,1.0,1.0,0.0,0.0,0,0,0,0,1,0
P2,workflow/storage/F1,transfer,reviewed_reviewed_route,1,1,1,1.0,1.0,24.0,21525.0,0.0,0.0,0.0,0.0,1.0,0.0,0.0,0.0,1.0,0.0,0.0,0,0,0,0,1,0
P2,workflow/storage/F3,same,model_auto,1,1,1,1.0,1.0,22.0,20022.0,0.0,0.0,0.0,0.0,1.0,0.0,1.0,1.0,1.0,0.0,0.0,0,0,0,0,1,0
P2,workflow/storage/F3,same,model_reviewed_route,1,1,1,1.0,1.0,22.0,22816.0,0.0,0.0,0.0,0.0,1.0,0.0,1.0,1.0,1.0,0.0,0.0,0,0,0,0,1,0
P2,workflow/storage/F3,same,reviewed_auto,1,1,1,1.0,1.0,24.0,22172.0,0.0,0.0,0.0,0.0,1.0,0.0,1.0,0.0,1.0,0.0,0.0,0,0,0,0,1,0
P2,workflow/storage/F3,same,reviewed_reviewed_route,1,1,1,1.0,4.0,24.0,25393.0,0.0,0.0,0.0,0.0,1.0,0.0,1.0,0.0,1.0,0.0,0.0,0,0,0,0,1,0
P2,workflow/storage/F3,transfer,model_auto,1,1,1,1.0,1.0,23.0,21389.0,0.0,0.0,0.0,0.0,1.0,0.0,1.0,1.0,1.0,0.0,0.0,0,0,0,0,1,0
P2,workflow/storage/F3,transfer,model_reviewed_route,1,1,1,1.0,1.0,22.0,22862.0,0.0,0.0,0.0,0.0,1.0,0.0,1.0,1.0,1.0,0.0,0.0,0,0,0,0,1,0
P2,workflow/storage/F3,transfer,reviewed_auto,1,1,1,1.0,2.0,24.0,22132.0,0.0,0.0,0.0,0.0,1.0,0.0,1.0,0.0,1.0,0.0,0.0,0,0,0,0,1,0
P2,workflow/storage/F3,transfer,reviewed_reviewed_route,1,1,1,1.0,2.0,24.0,25953.0,0.0,0.0,0.0,0.0,1.0,0.0,1.0,0.0,1.0,0.0,0.0,0,0,0,0,1,0
P2,workflow/storage/F4,same,model_auto,1,1,1,1.0,1.0,22.0,19849.0,0.0,0.0,0.0,0.0,1.0,0.0,1.0,0.0,1.0,0.0,0.0,0,0,0,0,1,0
P2,workflow/storage/F4,same,model_reviewed_route,1,1,1,1.0,1.0,22.0,26363.0,0.0,0.0,0.0,0.0,1.0,0.0,1.0,1.0,1.0,0.0,0.0,0,0,0,0,1,0
P2,workflow/storage/F4,same,reviewed_auto,1,1,0,0.0,0.0,24.0,21037.0,0.0,0.0,1.0,0.0,1.0,0.0,0.0,1.0,1.0,1.0,0.0,0,0,0,1,0,0
P2,workflow/storage/F4,same,reviewed_reviewed_route,1,1,0,0.0,0.0,24.0,26816.0,0.0,0.0,1.0,0.0,1.0,0.0,0.0,1.0,1.0,1.0,0.0,0,0,0,1,0,0
P2,workflow/storage/F4,transfer,model_auto,1,1,1,1.0,1.0,22.0,19691.0,0.0,0.0,0.0,0.0,1.0,0.0,1.0,1.0,1.0,0.0,0.0,0,0,0,0,1,0
P2,workflow/storage/F4,transfer,model_reviewed_route,1,1,1,1.0,1.0,24.0,29133.0,0.0,0.0,0.0,0.0,1.0,0.0,1.0,1.0,1.0,0.0,0.0,0,0,0,0,1,0
P2,workflow/storage/F4,transfer,reviewed_auto,1,1,1,1.0,1.0,23.0,20239.0,0.0,0.0,0.0,0.0,1.0,0.0,1.0,1.0,1.0,0.0,0.0,0,0,0,0,1,0
P2,workflow/storage/F4,transfer,reviewed_reviewed_route,1,1,1,1.0,1.0,23.0,25785.0,0.0,0.0,0.0,0.0,1.0,0.0,1.0,0.0,1.0,0.0,0.0,0,0,0,0,1,0
