experiment,mechanism,kind,method,n,opportunities,recurrence_count,recurrence_rate,mean_commits,mean_model_calls,mean_input_tokens,first_success_rate,final_success_rate,abstained_rate,strict_composition_failure_rate,preventive_action_rate,unnecessary_wait_rate,any_new_error_rate,any_tool_error_rate,budget_ceiling_rate,target_avoided_but_failed_rate,recurred_then_repaired_rate,outcome_first_success,outcome_recurred_then_repaired,outcome_late_success_without_target_recurrence,outcome_abstained,outcome_target_recurrence_failure,outcome_other_failure_without_target_recurrence
E1,F1,reversal,components_SOCDKPU,36,0,0,,0.7222222222222222,22.666666666666668,39477.75,0.0,0.0,0.4444444444444444,0.0,0.2777777777777778,0.6388888888888888,0.5555555555555556,0.9722222222222222,1.0,0.0,0.0,0,0,0,16,0,20
E1,F1,reversal,components_SP,36,0,0,,0.7777777777777778,22.47222222222222,19392.36111111111,0.0,0.0,0.2222222222222222,0.0,0.4722222222222222,0.75,0.7777777777777778,1.0,1.0,0.0,0.0,0,0,0,8,0,28
E1,F1,same,components_SOCDKPU,36,36,29,0.8055555555555556,0.6944444444444444,22.166666666666668,38525.916666666664,0.0,0.0,0.3055555555555556,0.0,0.3055555555555556,0.0,0.6944444444444444,0.8888888888888888,1.0,0.19444444444444445,0.0,0,0,0,11,25,0
E1,F1,same,components_SP,36,36,30,0.8333333333333334,0.7777777777777778,22.36111111111111,19314.833333333332,0.0,0.0,0.2222222222222222,0.0,0.4722222222222222,0.0,0.6944444444444444,0.75,1.0,0.16666666666666666,0.0,0,0,0,8,28,0
E1,F1,transfer,components_SOCDKPU,36,36,34,0.9444444444444444,0.8055555555555556,22.305555555555557,38859.13888888889,0.0,0.0,0.19444444444444445,0.0,0.1388888888888889,0.0,0.7222222222222222,0.8333333333333334,1.0,0.05555555555555555,0.0,0,0,0,7,29,0
E1,F1,transfer,components_SP,36,36,36,1.0,1.0,22.305555555555557,19191.36111111111,0.0,0.0,0.0,0.0,0.1388888888888889,0.0,0.3888888888888889,0.4166666666666667,1.0,0.0,0.0,0,0,0,0,36,0
E1,F2,reversal,components_SOCDKPU,33,0,0,,0.8484848484848485,22.454545454545453,40100.51515151515,0.0,0.0,0.21212121212121213,0.0,0.7272727272727273,0.7272727272727273,0.7878787878787878,0.9696969696969697,1.0,0.0,0.0,0,0,0,7,0,26
E1,F2,reversal,components_SP,33,0,0,,0.8787878787878788,22.181818181818183,20107.60606060606,0.0,0.0,0.21212121212121213,0.0,0.7878787878787878,0.7878787878787878,0.7878787878787878,0.8787878787878788,1.0,0.0,0.0,0,0,0,7,0,26
E1,F2,same,components_SOCDKPU,33,33,19,0.5757575757575758,0.8787878787878788,22.181818181818183,39550.757575757576,0.0,0.0,0.12121212121212122,0.0,0.7878787878787878,0.0,0.8787878787878788,0.8181818181818182,1.0,0.42424242424242425,0.0,0,0,0,4,18,11
E1,F2,same,components_SP,33,33,24,0.7272727272727273,0.7878787878787878,22.242424242424242,20157.666666666668,0.0,0.0,0.21212121212121213,0.0,0.8787878787878788,0.0,0.7878787878787878,0.5757575757575758,1.0,0.2727272727272727,0.0,0,0,0,7,24,2
E1,F2,transfer,components_SOCDKPU,33,33,14,0.42424242424242425,1.0303030303030303,22.454545454545453,39973.51515151515,0.0,0.0,0.21212121212121213,0.0,0.7878787878787878,0.0,0.7878787878787878,0.9696969696969697,1.0,0.5757575757575758,0.0,0,0,0,7,14,12
E1,F2,transfer,components_SP,33,33,33,1.0,1.0303030303030303,22.21212121212121,19870.757575757576,0.0,0.0,0.030303030303030304,0.0,0.9696969696969697,0.0,0.9696969696969697,0.21212121212121213,1.0,0.0,0.0,0,0,0,1,32,0
E1,F3,reversal,components_SOCDKPU,36,0,0,,0.9722222222222222,22.25,38651.97222222222,0.0,0.0,0.2777777777777778,0.0,0.1111111111111111,0.6944444444444444,0.7222222222222222,1.0,1.0,0.0,0.0,0,0,0,10,0,26
E1,F3,reversal,components_SP,36,0,0,,0.9722222222222222,22.61111111111111,19934.36111111111,0.0,0.0,0.1388888888888889,0.0,0.9166666666666666,0.8055555555555556,0.8611111111111112,0.9722222222222222,1.0,0.0,0.0,0,0,0,5,0,31
E1,F3,same,components_SOCDKPU,36,36,28,0.7777777777777778,1.1111111111111112,22.083333333333332,38292.305555555555,0.0,0.0,0.3055555555555556,0.0,0.027777777777777776,0.0,0.6944444444444444,0.9444444444444444,1.0,0.2222222222222222,0.0,0,0,0,11,25,0
E1,F3,same,components_SP,36,36,31,0.8611111111111112,0.8333333333333334,22.25,19518.583333333332,0.0,0.0,0.16666666666666666,0.0,0.9722222222222222,0.0,0.8333333333333334,0.8333333333333334,1.0,0.1388888888888889,0.0,0,0,0,6,30,0
E1,F3,transfer,components_SOCDKPU,36,36,32,0.8888888888888888,0.9166666666666666,22.916666666666668,39889.055555555555,0.0,0.0,0.25,0.0,0.08333333333333333,0.0,0.75,0.9444444444444444,1.0,0.1111111111111111,0.0,0,0,0,9,27,0
E1,F3,transfer,components_SP,36,36,36,1.0,1.0,22.27777777777778,19335.833333333332,0.0,0.0,0.0,0.0,1.0,0.0,1.0,0.3611111111111111,1.0,0.0,0.0,0,0,0,0,36,0
E1,F4,reversal,components_SOCDKPU,30,0,0,,0.9,23.033333333333335,41060.53333333333,0.0,0.0,0.26666666666666666,0.0,1.0,0.4666666666666667,0.7333333333333333,0.9333333333333333,1.0,0.0,0.0,0,0,0,8,0,22
E1,F4,reversal,components_SP,30,0,0,,0.8333333333333334,22.633333333333333,18878.466666666667,0.0,0.0,0.16666666666666666,0.0,1.0,0.7666666666666667,0.8333333333333334,1.0,1.0,0.0,0.0,0,0,0,5,0,25
E1,F4,same,components_SOCDKPU,30,30,21,0.7,0.9,22.9,40757.933333333334,0.0,0.0,0.3,0.0,1.0,0.0,0.7,0.9333333333333333,1.0,0.3,0.0,0,0,0,9,21,0
E1,F4,same,components_SP,30,30,26,0.8666666666666667,0.8666666666666667,22.4,18589.1,0.0,0.0,0.13333333333333333,0.0,1.0,0.0,0.8666666666666667,0.8,1.0,0.13333333333333333,0.0,0,0,0,4,26,0
E1,F4,transfer,components_SOCDKPU,30,30,26,0.8666666666666667,0.9333333333333333,22.5,39986.96666666667,0.0,0.0,0.13333333333333333,0.0,1.0,0.0,0.8666666666666667,0.9666666666666667,1.0,0.13333333333333333,0.0,0,0,0,4,26,0
E1,F4,transfer,components_SP,30,30,30,1.0,1.1,22.633333333333333,18755.533333333333,0.0,0.0,0.0,0.0,1.0,0.0,1.0,0.2,1.0,0.0,0.0,0,0,0,0,30,0
E3,F1,reversal,cycle,36,0,0,,0.75,22.36111111111111,22180.416666666668,0.0,0.0,0.25,0.0,0.25,0.6388888888888888,0.75,1.0,1.0,0.0,0.0,0,0,0,9,0,27
E3,F1,reversal,matched,36,0,0,,0.6111111111111112,22.52777777777778,22269.86111111111,0.0,0.0,0.4444444444444444,0.0,0.3055555555555556,0.5833333333333334,0.5277777777777778,1.0,1.0,0.0,0.0,0,0,0,16,0,20
E3,F1,reversal,random,36,0,0,,0.9166666666666666,22.38888888888889,22062.694444444445,0.0,0.0,0.25,0.0,0.3333333333333333,0.7777777777777778,0.6111111111111112,0.9722222222222222,1.0,0.0,0.0,0,0,0,9,0,27
E3,F1,same,cycle,36,36,26,0.7222222222222222,0.6388888888888888,22.25,21980.11111111111,0.0,0.0,0.3611111111111111,0.0,0.16666666666666666,0.0,0.6388888888888888,0.8333333333333334,1.0,0.2777777777777778,0.0,0,0,0,13,23,0
E3,F1,same,matched,36,36,27,0.75,0.6944444444444444,22.63888888888889,22417.63888888889,0.0,0.0,0.3611111111111111,0.0,0.25,0.0,0.5555555555555556,0.9444444444444444,1.0,0.25,0.0,0,0,0,13,23,0
E3,F1,same,random,36,36,29,0.8055555555555556,0.8333333333333334,22.305555555555557,21918.61111111111,0.0,0.0,0.25,0.0,0.3333333333333333,0.0,0.4444444444444444,0.6111111111111112,1.0,0.19444444444444445,0.0,0,0,0,9,27,0
E3,F1,transfer,cycle,36,36,36,1.0,1.0833333333333333,22.694444444444443,22156.666666666668,0.0,0.0,0.0,0.0,0.0,0.0,0.16666666666666666,0.16666666666666666,1.0,0.0,0.0,0,0,0,0,36,0
E3,F1,transfer,matched,36,36,32,0.8888888888888888,0.7777777777777778,22.52777777777778,22196.944444444445,0.0,0.0,0.2222222222222222,0.0,0.05555555555555555,0.0,0.5833333333333334,0.7777777777777778,1.0,0.1111111111111111,0.0,0,0,0,8,28,0
E3,F1,transfer,random,36,36,34,0.9444444444444444,1.0,22.13888888888889,21547.36111111111,0.0,0.0,0.1111111111111111,0.0,0.05555555555555555,0.0,0.2777777777777778,0.3888888888888889,1.0,0.05555555555555555,0.0,0,0,0,4,32,0
E3,F2,reversal,cycle,33,0,0,,0.7878787878787878,22.060606060606062,22127.575757575756,0.0,0.0,0.24242424242424243,0.0,0.7878787878787878,0.7878787878787878,0.7575757575757576,0.9696969696969697,1.0,0.0,0.0,0,0,0,8,0,25
E3,F2,reversal,matched,33,0,0,,0.6363636363636364,22.424242424242426,22307.636363636364,0.0,0.0,0.48484848484848486,0.0,0.8181818181818182,0.8181818181818182,0.5151515151515151,1.0,1.0,0.0,0.0,0,0,0,16,0,17
E3,F2,reversal,random,33,0,0,,0.7575757575757576,22.12121212121212,21834.484848484848,0.0,0.0,0.24242424242424243,0.0,0.8787878787878788,0.8787878787878788,0.7575757575757576,0.9696969696969697,1.0,0.0,0.0,0,0,0,8,0,25
E3,F2,same,cycle,33,33,23,0.696969696969697,0.9696969696969697,21.939393939393938,21960.39393939394,0.0,0.0,0.24242424242424243,0.0,0.8181818181818182,0.0,0.7575757575757576,0.6666666666666666,1.0,0.30303030303030304,0.0,0,0,0,8,23,2
E3,F2,same,matched,33,33,19,0.5757575757575758,0.6060606060606061,22.454545454545453,22437.060606060608,0.0,0.0,0.42424242424242425,0.0,0.6666666666666666,0.0,0.5757575757575758,1.0,1.0,0.42424242424242425,0.0,0,0,0,14,16,3
E3,F2,same,random,33,33,19,0.5757575757575758,0.7272727272727273,22.272727272727273,22025.78787878788,0.0,0.0,0.2727272727272727,0.0,0.8787878787878788,0.0,0.7272727272727273,0.7575757575757576,1.0,0.42424242424242425,0.0,0,0,0,9,17,7
E3,F2,transfer,cycle,33,33,33,1.0,1.0303030303030303,22.03030303030303,21543.060606060608,0.0,0.0,0.030303030303030304,0.0,0.9393939393939394,0.0,0.9696969696969697,0.06060606060606061,1.0,0.0,0.0,0,0,0,1,32,0
E3,F2,transfer,matched,33,33,27,0.8181818181818182,0.7878787878787878,23.0,22955.18181818182,0.0,0.0,0.3333333333333333,0.0,0.6666666666666666,0.0,0.6666666666666666,0.5454545454545454,1.0,0.18181818181818182,0.0,0,0,0,11,22,0
E3,F2,transfer,random,33,33,30,0.9090909090909091,1.0606060606060606,22.272727272727273,21833.060606060608,0.0,0.0,0.09090909090909091,0.0,0.8484848484848485,0.0,0.9090909090909091,0.5151515151515151,1.0,0.09090909090909091,0.0,0,0,0,3,29,1
E3,F3,reversal,cycle,36,0,0,,0.5833333333333334,23.13888888888889,24450.194444444445,0.0,0.0,0.4166666666666667,0.0,0.8611111111111112,0.8888888888888888,0.5833333333333334,1.0,1.0,0.0,0.0,0,0,0,15,0,21
E3,F3,reversal,matched,36,0,0,,0.7777777777777778,22.36111111111111,23471.444444444445,0.0,0.0,0.3055555555555556,0.0,0.5277777777777778,0.7222222222222222,0.6944444444444444,1.0,1.0,0.0,0.0,0,0,0,11,0,25
E3,F3,reversal,random,36,0,0,,0.6388888888888888,22.22222222222222,23248.722222222223,0.0,0.0,0.3611111111111111,0.0,0.8333333333333334,0.7777777777777778,0.6388888888888888,0.9722222222222222,1.0,0.0,0.0,0,0,0,13,0,23
E3,F3,same,cycle,36,36,29,0.8055555555555556,0.7222222222222222,22.52777777777778,23662.13888888889,0.0,0.0,0.3611111111111111,0.0,0.8611111111111112,0.0,0.6388888888888888,0.8055555555555556,1.0,0.19444444444444445,0.0,0,0,0,13,23,0
E3,F3,same,matched,36,36,26,0.7222222222222222,0.75,22.27777777777778,23343.972222222223,0.0,0.0,0.3055555555555556,0.0,0.5277777777777778,0.0,0.6944444444444444,0.8611111111111112,1.0,0.2777777777777778,0.0,0,0,0,11,25,0
E3,F3,same,random,36,36,26,0.7222222222222222,0.6666666666666666,22.055555555555557,22996.944444444445,0.0,0.0,0.3333333333333333,0.0,0.8611111111111112,0.0,0.6666666666666666,0.8055555555555556,1.0,0.2777777777777778,0.0,0,0,0,12,24,0
E3,F3,transfer,cycle,36,36,36,1.0,1.0,22.055555555555557,22742.75,0.0,0.0,0.0,0.0,1.0,0.0,1.0,0.25,1.0,0.0,0.0,0,0,0,0,36,0
E3,F3,transfer,matched,36,36,28,0.7777777777777778,1.0,22.805555555555557,23851.722222222223,0.0,0.0,0.25,0.0,0.4166666666666667,0.0,0.75,0.7222222222222222,1.0,0.2222222222222222,0.0,0,0,0,9,27,0
E3,F3,transfer,random,36,36,33,0.9166666666666666,0.9444444444444444,21.805555555555557,22452.055555555555,0.0,0.0,0.1111111111111111,0.0,0.8055555555555556,0.0,0.8888888888888888,0.5555555555555556,1.0,0.08333333333333333,0.0,0,0,0,4,32,0
E3,F4,reversal,cycle,30,0,0,,0.5333333333333333,22.7,22002.433333333334,0.0,0.0,0.5333333333333333,0.0,1.0,0.6333333333333333,0.4666666666666667,0.9333333333333333,1.0,0.0,0.0,0,0,0,16,0,14
E3,F4,reversal,matched,30,0,0,,0.6333333333333333,23.133333333333333,22516.5,0.0,0.0,0.43333333333333335,0.0,1.0,0.23333333333333334,0.5666666666666667,1.0,1.0,0.0,0.0,0,0,0,13,0,17
E3,F4,reversal,random,30,0,0,,0.7333333333333333,22.666666666666668,21824.033333333333,0.0,0.0,0.26666666666666666,0.0,1.0,0.5666666666666667,0.7,0.9333333333333333,1.0,0.0,0.0,0,0,0,8,0,22
E3,F4,same,cycle,30,30,15,0.5,0.5666666666666667,23.1,22391.666666666668,0.0,0.0,0.5,0.0,1.0,0.0,0.5,0.7666666666666667,1.0,0.5,0.0,0,0,0,15,15,0
E3,F4,same,matched,30,30,18,0.6,0.6,23.166666666666668,22589.033333333333,0.0,0.0,0.4,0.0,1.0,0.0,0.6,0.9,1.0,0.4,0.0,0,0,0,12,18,0
E3,F4,same,random,30,30,21,0.7,0.7,22.4,21416.7,0.0,0.0,0.3,0.03333333333333333,1.0,0.0,0.6666666666666666,0.5666666666666667,1.0,0.3,0.0,0,0,0,9,21,0
E3,F4,transfer,cycle,30,30,28,0.9333333333333333,0.9333333333333333,22.533333333333335,21537.433333333334,0.0,0.0,0.06666666666666667,0.0,1.0,0.0,0.9333333333333333,0.13333333333333333,1.0,0.06666666666666667,0.0,0,0,0,2,28,0
E3,F4,transfer,matched,30,30,20,0.6666666666666666,0.8,22.966666666666665,22282.333333333332,0.0,0.0,0.3333333333333333,0.0,1.0,0.0,0.6666666666666666,1.0,1.0,0.3333333333333333,0.0,0,0,0,10,20,0
E3,F4,transfer,random,30,30,27,0.9,0.9,22.0,20857.566666666666,0.0,0.0,0.1,0.0,1.0,0.0,0.9,0.5333333333333333,1.0,0.1,0.0,0,0,0,3,27,0
