experiment,kind,method,n,opportunities,recurrence_count,recurrence_rate,mean_commits,mean_model_calls,mean_input_tokens,first_success_rate,final_success_rate,abstained_rate,strict_composition_failure_rate,preventive_action_rate,unnecessary_wait_rate,any_new_error_rate,any_tool_error_rate,budget_ceiling_rate,target_avoided_but_failed_rate,recurred_then_repaired_rate,outcome_first_success,outcome_recurred_then_repaired,outcome_late_success_without_target_recurrence,outcome_abstained,outcome_target_recurrence_failure,outcome_other_failure_without_target_recurrence
E1,reversal,components_SOCDKPU,135,0,0,,0.8592592592592593,22.585185185185185,39761.503703703704,0.0,0.0,0.3037037037037037,0.0,0.5037037037037037,0.6370370370370371,0.6962962962962963,0.9703703703703703,1.0,0.0,0.0,0,0,0,41,0,94
E1,reversal,components_SP,135,0,0,,0.8666666666666667,22.474074074074075,19597.533333333333,0.0,0.0,0.18518518518518517,0.0,0.7851851851851852,0.7777777777777778,0.8148148148148148,0.9629629629629629,1.0,0.0,0.0,0,0,0,25,0,110
E1,same,components_SOCDKPU,135,135,97,0.7185185185185186,0.8962962962962963,22.31111111111111,39210.14074074074,0.0,0.0,0.25925925925925924,0.0,0.5037037037037037,0.0,0.7407407407407407,0.8962962962962963,1.0,0.2814814814814815,0.0,0,0,0,35,89,11
E1,same,components_SP,135,135,111,0.8222222222222222,0.8148148148148148,22.31111111111111,19413.91851851852,0.0,0.0,0.18518518518518517,0.0,0.8222222222222222,0.0,0.7925925925925926,0.7407407407407407,1.0,0.17777777777777778,0.0,0,0,0,25,108,2
E1,transfer,components_SOCDKPU,135,135,106,0.7851851851851852,0.9185185185185185,22.548148148148147,39656.81481481482,0.0,0.0,0.2,0.0,0.4740740740740741,0.0,0.7777777777777778,0.9259259259259259,1.0,0.21481481481481482,0.0,0,0,0,27,96,12
E1,transfer,components_SP,135,135,135,1.0,1.0296296296296297,22.348148148148148,19299.11111111111,0.0,0.0,0.007407407407407408,0.0,0.762962962962963,0.0,0.8296296296296296,0.3037037037037037,1.0,0.0,0.0,0,0,0,1,134,0
E3,reversal,cycle,135,0,0,,0.6666666666666666,22.57037037037037,22733.222222222223,0.0,0.0,0.35555555555555557,0.0,0.7111111111111111,0.7407407407407407,0.6444444444444445,0.9777777777777777,1.0,0.0,0.0,0,0,0,48,0,87
E3,reversal,matched,135,0,0,,0.6666666666666666,22.59259259259259,22654.325925925925,0.0,0.0,0.4148148148148148,0.0,0.6444444444444445,0.6,0.5777777777777777,1.0,1.0,0.0,0.0,0,0,0,56,0,79
E3,reversal,random,135,0,0,,0.762962962962963,22.340740740740742,22270.14814814815,0.0,0.0,0.2814814814814815,0.0,0.7481481481481481,0.7555555555555555,0.674074074074074,0.9629629629629629,1.0,0.0,0.0,0,0,0,38,0,97
E3,same,cycle,135,135,93,0.6888888888888889,0.725925925925926,22.437037037037037,22515.28888888889,0.0,0.0,0.362962962962963,0.0,0.6962962962962963,0.0,0.6370370370370371,0.7703703703703704,1.0,0.3111111111111111,0.0,0,0,0,49,84,2
E3,same,matched,135,135,90,0.6666666666666666,0.6666666666666666,22.614814814814814,22707.496296296296,0.0,0.0,0.37037037037037035,0.0,0.5925925925925926,0.0,0.6074074074074074,0.9259259259259259,1.0,0.3333333333333333,0.0,0,0,0,50,82,3
E3,same,random,135,135,95,0.7037037037037037,0.7333333333333333,22.251851851851853,22120.82962962963,0.0,0.0,0.28888888888888886,0.007407407407407408,0.7555555555555555,0.0,0.6222222222222222,0.6888888888888889,1.0,0.2962962962962963,0.0,0,0,0,39,89,7
E3,transfer,cycle,135,135,133,0.9851851851851852,1.0148148148148148,22.325925925925926,22025.355555555554,0.0,0.0,0.022222222222222223,0.0,0.7185185185185186,0.0,0.7555555555555555,0.15555555555555556,1.0,0.014814814814814815,0.0,0,0,0,3,132,0
E3,transfer,matched,135,135,107,0.7925925925925926,0.8444444444444444,22.814814814814813,22842.54074074074,0.0,0.0,0.2814814814814815,0.0,0.5111111111111111,0.0,0.6666666666666666,0.7555555555555555,1.0,0.2074074074074074,0.0,0,0,0,38,97,0
E3,transfer,random,135,135,124,0.9185185185185185,0.9777777777777777,22.05185185185185,21705.162962962964,0.0,0.0,0.1037037037037037,0.0,0.6592592592592592,0.0,0.7333333333333333,0.4962962962962963,1.0,0.08148148148148149,0.0,0,0,0,14,120,1
